{
  "products": [
    {
      "id": 1,
      "title": "MacBook Pro",
      "description": "MacBook Pro 2021 with mini-LED display may launch between September, November",
      "price": 1749,
      "discountPercentage": 11.02,
      "rating": 5,
      "stock": 83,
      "brand": "Apple",
      "category": "laptops",
      "thumbnail": "https://cdn.pixabay.com/photo/2017/06/20/23/15/coffee-2425303_640.jpg",
      "images": [
        "https://i.dummyjson.com/data/products/6/1.png",
        "https://i.dummyjson.com/data/products/6/2.jpg",
        "https://i.dummyjson.com/data/products/6/3.png",
        "https://i.dummyjson.com/data/products/6/4.jpg"
      ]
    },
    {
      "id": 2,
      "title": "Samsung Galaxy Book",
      "description": "Samsung Galaxy Book S (2020) Laptop With Intel Lakefield Chip, 8GB of RAM Launched",
      "price": 1499,
      "discountPercentage": 4.15,
      "rating": 4.25,
      "stock": 50,
      "brand": "Samsung",
      "category": "laptops",
      "thumbnail": "https://i.dummyjson.com/data/products/7/1.jpg",
      "images": [
        "https://i.dummyjson.com/data/products/7/1.jpg",
        "https://i.dummyjson.com/data/products/7/2.jpg",
        "https://i.dummyjson.com/data/products/7/3.jpg",
        "https://i.dummyjson.com/data/products/7/thumbnail.jpg"
      ]
    },
    {
      "id": 3,
      "title": "Microsoft Surface Laptop 4",
      "description": "Style and speed. Stand out on HD video calls backed by Studio Mics. Capture ideas on the vibrant touchscreen.",
      "price": 1499,
      "discountPercentage": 10.23,
      "rating": 5,
      "stock": 68,
      "brand": "Microsoft Surface",
      "category": "laptops",
      "thumbnail": "https://i.dummyjson.com/data/products/8/thumbnail.jpg",
      "images": [
        "https://i.dummyjson.com/data/products/8/1.jpg",
        "https://i.dummyjson.com/data/products/8/2.jpg",
        "https://i.dummyjson.com/data/products/8/3.jpg",
        "https://i.dummyjson.com/data/products/8/4.jpg",
        "https://i.dummyjson.com/data/products/8/thumbnail.jpg"
      ]
    },
    {
      "id": 4,
      "title": "Infinix INBOOK",
      "description": "Infinix Inbook X1 Ci3 10th 8GB 256GB 14 Win10 Grey – 1 Year Warranty",
      "price": 1099,
      "discountPercentage": 11.83,
      "rating": 4.54,
      "stock": 96,
      "brand": "Infinix",
      "category": "laptops",
      "thumbnail": "https://i.dummyjson.com/data/products/9/thumbnail.jpg",
      "images": [
        "https://i.dummyjson.com/data/products/9/1.jpg",
        "https://i.dummyjson.com/data/products/9/2.png",
        "https://i.dummyjson.com/data/products/9/3.png",
        "https://i.dummyjson.com/data/products/9/4.jpg",
        "https://i.dummyjson.com/data/products/9/thumbnail.jpg"
      ]
    },
    {
      "id": 5,
      "title": "HP Pavilion 15-DK1056WM",
      "description": "HP Pavilion 15-DK1056WM Gaming Laptop 10th Gen Core i5, 8GB, 256GB SSD, GTX 1650 4GB, Windows 10",
      "price": 1099,
      "discountPercentage": 6.18,
      "rating": 4.43,
      "stock": 89,
      "brand": "HP Pavilion",
      "category": "laptops",
      "thumbnail": "https://i.dummyjson.com/data/products/10/thumbnail.jpeg",
      "images": [
        "https://i.dummyjson.com/data/products/10/1.jpg",
        "https://i.dummyjson.com/data/products/10/2.jpg",
        "https://i.dummyjson.com/data/products/10/3.jpg",
        "https://i.dummyjson.com/data/products/10/thumbnail.jpeg"
      ]
    },
    {
      "id": 6,
      "title": "MacBook Pro",
      "description": "MacBook Pro 2021 with mini-LED display may launch between September, November",
      "price": 1749,
      "discountPercentage": 11.02,
      "rating": 4.57,
      "stock": 83,
      "brand": "Apple",
      "category": "laptops",
      "thumbnail": "https://i.dummyjson.com/data/products/6/thumbnail.png",
      "images": [
        "https://i.dummyjson.com/data/products/6/1.png",
        "https://i.dummyjson.com/data/products/6/2.jpg",
        "https://i.dummyjson.com/data/products/6/3.png",
        "https://i.dummyjson.com/data/products/6/4.jpg"
      ]
    },
    {
      "id": 7,
      "title": "Samsung Galaxy Book",
      "description": "Samsung Galaxy Book S (2020) Laptop With Intel Lakefield Chip, 8GB of RAM Launched",
      "price": 1499,
      "discountPercentage": 4.15,
      "rating": 5,
      "stock": 50,
      "brand": "Samsung",
      "category": "laptops",
      "thumbnail": "https://i.dummyjson.com/data/products/7/thumbnail.jpg",
      "images": [
        "https://i.dummyjson.com/data/products/7/1.jpg",
        "https://i.dummyjson.com/data/products/7/2.jpg",
        "https://i.dummyjson.com/data/products/7/3.jpg",
        "https://i.dummyjson.com/data/products/7/thumbnail.jpg"
      ]
    },
    {
      "id": 8,
      "title": "Microsoft Surface Laptop 4",
      "description": "Style and speed. Stand out on HD video calls backed by Studio Mics. Capture ideas on the vibrant touchscreen.",
      "price": 1499,
      "discountPercentage": 10.23,
      "rating": 4.43,
      "stock": 68,
      "brand": "Microsoft Surface",
      "category": "laptops",
      "thumbnail": "https://i.dummyjson.com/data/products/8/thumbnail.jpg",
      "images": [
        "https://i.dummyjson.com/data/products/8/1.jpg",
        "https://i.dummyjson.com/data/products/8/2.jpg",
        "https://i.dummyjson.com/data/products/8/3.jpg",
        "https://i.dummyjson.com/data/products/8/4.jpg",
        "https://i.dummyjson.com/data/products/8/thumbnail.jpg"
      ]
    },
    {
      "id": 9,
      "title": "Infinix INBOOK",
      "description": "Infinix Inbook X1 Ci3 10th 8GB 256GB 14 Win10 Grey – 1 Year Warranty",
      "price": 1099,
      "discountPercentage": 11.83,
      "rating": 4.54,
      "stock": 96,
      "brand": "Infinix",
      "category": "laptops",
      "thumbnail": "https://i.dummyjson.com/data/products/9/thumbnail.jpg",
      "images": [
        "https://i.dummyjson.com/data/products/9/1.jpg",
        "https://i.dummyjson.com/data/products/9/2.png",
        "https://i.dummyjson.com/data/products/9/3.png",
        "https://i.dummyjson.com/data/products/9/4.jpg",
        "https://i.dummyjson.com/data/products/9/thumbnail.jpg"
      ]
    },
    {
      "id": 10,
      "title": "HP Pavilion 15-DK1056WM",
      "description": "HP Pavilion 15-DK1056WM Gaming Laptop 10th Gen Core i5, 8GB, 256GB SSD, GTX 1650 4GB, Windows 10",
      "price": 1099,
      "discountPercentage": 6.18,
      "rating": 4.43,
      "stock": 89,
      "brand": "HP Pavilion",
      "category": "laptops",
      "thumbnail": "https://i.dummyjson.com/data/products/10/thumbnail.jpeg",
      "images": [
        "https://i.dummyjson.com/data/products/10/1.jpg",
        "https://i.dummyjson.com/data/products/10/2.jpg",
        "https://i.dummyjson.com/data/products/10/3.jpg",
        "https://i.dummyjson.com/data/products/10/thumbnail.jpeg"
      ]
    },
    {
      "id": 11,
      "title": "MacBook Pro",
      "description": "MacBook Pro 2021 with mini-LED display may launch between September, November",
      "price": 1749,
      "discountPercentage": 11.02,
      "rating": 4.57,
      "stock": 83,
      "brand": "Apple",
      "category": "laptops",
      "thumbnail": "https://i.dummyjson.com/data/products/6/thumbnail.png",
      "images": [
        "https://i.dummyjson.com/data/products/6/1.png",
        "https://i.dummyjson.com/data/products/6/2.jpg",
        "https://i.dummyjson.com/data/products/6/3.png",
        "https://i.dummyjson.com/data/products/6/4.jpg"
      ]
    },
    {
      "id": 12,
      "title": "Samsung Galaxy Book",
      "description": "Samsung Galaxy Book S (2020) Laptop With Intel Lakefield Chip, 8GB of RAM Launched",
      "price": 1499,
      "discountPercentage": 4.15,
      "rating": 4,
      "stock": 50,
      "brand": "Samsung",
      "category": "laptops",
      "thumbnail": "https://i.dummyjson.com/data/products/7/thumbnail.jpg",
      "images": [
        "https://i.dummyjson.com/data/products/7/1.jpg",
        "https://i.dummyjson.com/data/products/7/2.jpg",
        "https://i.dummyjson.com/data/products/7/3.jpg",
        "https://i.dummyjson.com/data/products/7/thumbnail.jpg"
      ]
    },
    {
      "id": 13,
      "title": "Microsoft Surface Laptop 4",
      "description": "Style and speed. Stand out on HD video calls backed by Studio Mics. Capture ideas on the vibrant touchscreen.",
      "price": 1499,
      "discountPercentage": 10.23,
      "rating": 4.43,
      "stock": 68,
      "brand": "Microsoft Surface",
      "category": "laptops",
      "thumbnail": "https://i.dummyjson.com/data/products/8/thumbnail.jpg",
      "images": [
        "https://i.dummyjson.com/data/products/8/1.jpg",
        "https://i.dummyjson.com/data/products/8/2.jpg",
        "https://i.dummyjson.com/data/products/8/3.jpg",
        "https://i.dummyjson.com/data/products/8/4.jpg",
        "https://i.dummyjson.com/data/products/8/thumbnail.jpg"
      ]
    },
    {
      "id": 14,
      "title": "Infinix INBOOK",
      "description": "Infinix Inbook X1 Ci3 10th 8GB 256GB 14 Win10 Grey – 1 Year Warranty",
      "price": 1099,
      "discountPercentage": 11.83,
      "rating": 4.54,
      "stock": 96,
      "brand": "Infinix",
      "category": "laptops",
      "thumbnail": "https://i.dummyjson.com/data/products/9/thumbnail.jpg",
      "images": [
        "https://i.dummyjson.com/data/products/9/1.jpg",
        "https://i.dummyjson.com/data/products/9/2.png",
        "https://i.dummyjson.com/data/products/9/3.png",
        "https://i.dummyjson.com/data/products/9/4.jpg",
        "https://i.dummyjson.com/data/products/9/thumbnail.jpg"
      ]
    },
    {
      "id": 15,
      "title": "HP Pavilion 15-DK1056WM",
      "description": "HP Pavilion 15-DK1056WM Gaming Laptop 10th Gen Core i5, 8GB, 256GB SSD, GTX 1650 4GB, Windows 10",
      "price": 1099,
      "discountPercentage": 6.18,
      "rating": 4.43,
      "stock": 89,
      "brand": "HP Pavilion",
      "category": "laptops",
      "thumbnail": "https://i.dummyjson.com/data/products/10/thumbnail.jpeg",
      "images": [
        "https://i.dummyjson.com/data/products/10/1.jpg",
        "https://i.dummyjson.com/data/products/10/2.jpg",
        "https://i.dummyjson.com/data/products/10/3.jpg",
        "https://i.dummyjson.com/data/products/10/thumbnail.jpeg"
      ]
    },
    {
      "id": 16,
      "title": "MacBook Pro",
      "description": "MacBook Pro 2021 with mini-LED display may launch between September, November",
      "price": 1749,
      "discountPercentage": 11.02,
      "rating": 4.57,
      "stock": 83,
      "brand": "Apple",
      "category": "laptops",
      "thumbnail": "https://cdn.pixabay.com/photo/2020/04/08/16/32/keyboard-5017973_640.jpg",
      "images": [
        "https://i.dummyjson.com/data/products/6/1.png",
        "https://i.dummyjson.com/data/products/6/2.jpg",
        "https://i.dummyjson.com/data/products/6/3.png",
        "https://i.dummyjson.com/data/products/6/4.jpg"
      ]
    },
    {
      "id": 17,
      "title": "Samsung Galaxy Book",
      "description": "Samsung Galaxy Book S (2020) Laptop With Intel Lakefield Chip, 8GB of RAM Launched",
      "price": 1499,
      "discountPercentage": 4.15,
      "rating": 4.25,
      "stock": 50,
      "brand": "Samsung",
      "category": "laptops",
      "thumbnail": "https://i.dummyjson.com/data/products/7/thumbnail.jpg",
      "images": [
        "https://i.dummyjson.com/data/products/7/1.jpg",
        "https://i.dummyjson.com/data/products/7/2.jpg",
        "https://i.dummyjson.com/data/products/7/3.jpg",
        "https://i.dummyjson.com/data/products/7/thumbnail.jpg"
      ]
    },
    {
      "id": 18,
      "title": "Microsoft Surface Laptop 4",
      "description": "Style and speed. Stand out on HD video calls backed by Studio Mics. Capture ideas on the vibrant touchscreen.",
      "price": 1499,
      "discountPercentage": 10.23,
      "rating": 4.43,
      "stock": 68,
      "brand": "Microsoft Surface",
      "category": "laptops",
      "thumbnail": "https://i.dummyjson.com/data/products/8/thumbnail.jpg",
      "images": [
        "https://i.dummyjson.com/data/products/8/1.jpg",
        "https://i.dummyjson.com/data/products/8/2.jpg",
        "https://i.dummyjson.com/data/products/8/3.jpg",
        "https://i.dummyjson.com/data/products/8/4.jpg",
        "https://i.dummyjson.com/data/products/8/thumbnail.jpg"
      ]
    },
    {
      "id": 19,
      "title": "Infinix INBOOK",
      "description": "Infinix Inbook X1 Ci3 10th 8GB 256GB 14 Win10 Grey – 1 Year Warranty",
      "price": 1099,
      "discountPercentage": 11.83,
      "rating": 4.54,
      "stock": 96,
      "brand": "Infinix",
      "category": "laptops",
      "thumbnail": "https://i.dummyjson.com/data/products/9/thumbnail.jpg",
      "images": [
        "https://i.dummyjson.com/data/products/9/1.jpg",
        "https://i.dummyjson.com/data/products/9/2.png",
        "https://i.dummyjson.com/data/products/9/3.png",
        "https://i.dummyjson.com/data/products/9/4.jpg",
        "https://i.dummyjson.com/data/products/9/thumbnail.jpg"
      ]
    },
    {
      "id": 20,
      "title": "HP Pavilion 15-DK1056WM",
      "description": "HP Pavilion 15-DK1056WM Gaming Laptop 10th Gen Core i5, 8GB, 256GB SSD, GTX 1650 4GB, Windows 10",
      "price": 1099,
      "discountPercentage": 6.18,
      "rating": 4.43,
      "stock": 89,
      "brand": "HP Pavilion",
      "category": "laptops",
      "thumbnail": "https://i.dummyjson.com/data/products/10/thumbnail.jpeg",
      "images": [
        "https://i.dummyjson.com/data/products/10/1.jpg",
        "https://i.dummyjson.com/data/products/10/2.jpg",
        "https://i.dummyjson.com/data/products/10/3.jpg",
        "https://i.dummyjson.com/data/products/10/thumbnail.jpeg"
      ]
    },
    {
      "id": 21,
      "title": "MacBook Pro",
      "description": "MacBook Pro 2021 with mini-LED display may launch between September, November",
      "price": 1749,
      "discountPercentage": 11.02,
      "rating": 4.57,
      "stock": 83,
      "brand": "Apple",
      "category": "laptops",
      "thumbnail": "https://i.dummyjson.com/data/products/6/thumbnail.png",
      "images": [
        "https://i.dummyjson.com/data/products/6/1.png",
        "https://i.dummyjson.com/data/products/6/2.jpg",
        "https://i.dummyjson.com/data/products/6/3.png",
        "https://i.dummyjson.com/data/products/6/4.jpg"
      ]
    },
    {
      "id": 22,
      "title": "Samsung Galaxy Book",
      "description": "Samsung Galaxy Book S (2020) Laptop With Intel Lakefield Chip, 8GB of RAM Launched",
      "price": 1499,
      "discountPercentage": 4.15,
      "rating": 4.25,
      "stock": 50,
      "brand": "Samsung",
      "category": "laptops",
      "thumbnail": "https://i.dummyjson.com/data/products/7/thumbnail.jpg",
      "images": [
        "https://i.dummyjson.com/data/products/7/1.jpg",
        "https://i.dummyjson.com/data/products/7/2.jpg",
        "https://i.dummyjson.com/data/products/7/3.jpg",
        "https://i.dummyjson.com/data/products/7/thumbnail.jpg"
      ]
    },
    {
      "id": 23,
      "title": "Microsoft Surface Laptop 4",
      "description": "Style and speed. Stand out on HD video calls backed by Studio Mics. Capture ideas on the vibrant touchscreen.",
      "price": 1499,
      "discountPercentage": 10.23,
      "rating": 4.43,
      "stock": 68,
      "brand": "Microsoft Surface",
      "category": "laptops",
      "thumbnail": "https://i.dummyjson.com/data/products/8/thumbnail.jpg",
      "images": [
        "https://i.dummyjson.com/data/products/8/1.jpg",
        "https://i.dummyjson.com/data/products/8/2.jpg",
        "https://i.dummyjson.com/data/products/8/3.jpg",
        "https://i.dummyjson.com/data/products/8/4.jpg",
        "https://i.dummyjson.com/data/products/8/thumbnail.jpg"
      ]
    },
    {
      "id": 24,
      "title": "Infinix INBOOK",
      "description": "Infinix Inbook X1 Ci3 10th 8GB 256GB 14 Win10 Grey – 1 Year Warranty",
      "price": 1099,
      "discountPercentage": 11.83,
      "rating": 4.54,
      "stock": 96,
      "brand": "Infinix",
      "category": "laptops",
      "thumbnail": "https://i.dummyjson.com/data/products/9/thumbnail.jpg",
      "images": [
        "https://i.dummyjson.com/data/products/9/1.jpg",
        "https://i.dummyjson.com/data/products/9/2.png",
        "https://i.dummyjson.com/data/products/9/3.png",
        "https://i.dummyjson.com/data/products/9/4.jpg",
        "https://i.dummyjson.com/data/products/9/thumbnail.jpg"
      ]
    },
    {
      "id": 25,
      "title": "HP Pavilion 15-DK1056WM",
      "description": "HP Pavilion 15-DK1056WM Gaming Laptop 10th Gen Core i5, 8GB, 256GB SSD, GTX 1650 4GB, Windows 10",
      "price": 1099,
      "discountPercentage": 6.18,
      "rating": 4.43,
      "stock": 89,
      "brand": "HP Pavilion",
      "category": "laptops",
      "thumbnail": "https://i.dummyjson.com/data/products/10/thumbnail.jpeg",
      "images": [
        "https://i.dummyjson.com/data/products/10/1.jpg",
        "https://i.dummyjson.com/data/products/10/2.jpg",
        "https://i.dummyjson.com/data/products/10/3.jpg",
        "https://i.dummyjson.com/data/products/10/thumbnail.jpeg"
      ]
    },
    {
      "id": 26,
      "title": "MacBook Pro",
      "description": "MacBook Pro 2021 with mini-LED display may launch between September, November",
      "price": 1749,
      "discountPercentage": 11.02,
      "rating": 4.57,
      "stock": 83,
      "brand": "Apple",
      "category": "laptops",
      "thumbnail": "https://i.dummyjson.com/data/products/6/thumbnail.png",
      "images": [
        "https://i.dummyjson.com/data/products/6/1.png",
        "https://i.dummyjson.com/data/products/6/2.jpg",
        "https://i.dummyjson.com/data/products/6/3.png",
        "https://i.dummyjson.com/data/products/6/4.jpg"
      ]
    },
    {
      "id": 27,
      "title": "Samsung Galaxy Book",
      "description": "Samsung Galaxy Book S (2020) Laptop With Intel Lakefield Chip, 8GB of RAM Launched",
      "price": 1499,
      "discountPercentage": 4.15,
      "rating": 4.25,
      "stock": 50,
      "brand": "Samsung",
      "category": "laptops",
      "thumbnail": "https://i.dummyjson.com/data/products/7/thumbnail.jpg",
      "images": [
        "https://i.dummyjson.com/data/products/7/1.jpg",
        "https://i.dummyjson.com/data/products/7/2.jpg",
        "https://i.dummyjson.com/data/products/7/3.jpg",
        "https://i.dummyjson.com/data/products/7/thumbnail.jpg"
      ]
    },
    {
      "id": 28,
      "title": "Microsoft Surface Laptop 4",
      "description": "Style and speed. Stand out on HD video calls backed by Studio Mics. Capture ideas on the vibrant touchscreen.",
      "price": 1499,
      "discountPercentage": 10.23,
      "rating": 4.43,
      "stock": 68,
      "brand": "Microsoft Surface",
      "category": "laptops",
      "thumbnail": "https://i.dummyjson.com/data/products/8/3.jpg",
      "images": [
        "https://i.dummyjson.com/data/products/8/1.jpg",
        "https://i.dummyjson.com/data/products/8/2.jpg",
        "https://i.dummyjson.com/data/products/8/3.jpg",
        "https://i.dummyjson.com/data/products/8/4.jpg",
        "https://i.dummyjson.com/data/products/8/thumbnail.jpg"
      ]
    },
    {
      "id": 29,
      "title": "Infinix INBOOK",
      "description": "Infinix Inbook X1 Ci3 10th 8GB 256GB 14 Win10 Grey – 1 Year Warranty",
      "price": 1099,
      "discountPercentage": 11.83,
      "rating": 4.54,
      "stock": 96,
      "brand": "Infinix",
      "category": "laptops",
      "thumbnail": "https://i.dummyjson.com/data/products/9/3.png",
      "images": [
        "https://i.dummyjson.com/data/products/9/1.jpg",
        "https://i.dummyjson.com/data/products/9/2.png",
        "https://i.dummyjson.com/data/products/9/3.png",
        "https://i.dummyjson.com/data/products/9/4.jpg",
        "https://i.dummyjson.com/data/products/9/thumbnail.jpg"
      ]
    },
    {
      "id": 30,
      "title": "HP Pavilion 15-DK1056WM",
      "description": "HP Pavilion 15-DK1056WM Gaming Laptop 10th Gen Core i5, 8GB, 256GB SSD, GTX 1650 4GB, Windows 10",
      "price": 1099,
      "discountPercentage": 6.18,
      "rating": 4.43,
      "stock": 89,
      "brand": "HP Pavilion",
      "category": "laptops",
      "thumbnail": "https://i.dummyjson.com/data/products/10/thumbnail.jpeg",
      "images": [
        "https://i.dummyjson.com/data/products/10/1.jpg",
        "https://i.dummyjson.com/data/products/10/2.jpg",
        "https://i.dummyjson.com/data/products/10/3.jpg",
        "https://i.dummyjson.com/data/products/10/thumbnail.jpeg"
      ]
    },
    {
      "id": 31,
      "title": "MacBook Pro",
      "description": "MacBook Pro 2021 with mini-LED display may launch between September, November",
      "price": 1749,
      "discountPercentage": 11.02,
      "rating": 4.57,
      "stock": 83,
      "brand": "Apple",
      "category": "laptops",
      "thumbnail": "https://cdn.pixabay.com/photo/2016/11/29/06/18/home-office-1867761_640.jpg",
      "images": [
        "https://i.dummyjson.com/data/products/6/1.png",
        "https://i.dummyjson.com/data/products/6/2.jpg",
        "https://i.dummyjson.com/data/products/6/3.png",
        "https://i.dummyjson.com/data/products/6/4.jpg"
      ]
    },
    {
      "id": 32,
      "title": "Samsung Galaxy Book",
      "description": "Samsung Galaxy Book S (2020) Laptop With Intel Lakefield Chip, 8GB of RAM Launched",
      "price": 1499,
      "discountPercentage": 4.15,
      "rating": 4.25,
      "stock": 50,
      "brand": "Samsung",
      "category": "laptops",
      "thumbnail": "https://i.dummyjson.com/data/products/7/thumbnail.jpg",
      "images": [
        "https://i.dummyjson.com/data/products/7/1.jpg",
        "https://i.dummyjson.com/data/products/7/2.jpg",
        "https://i.dummyjson.com/data/products/7/3.jpg",
        "https://i.dummyjson.com/data/products/7/thumbnail.jpg"
      ]
    },
    {
      "id": 33,
      "title": "Microsoft Surface Laptop 4",
      "description": "Style and speed. Stand out on HD video calls backed by Studio Mics. Capture ideas on the vibrant touchscreen.",
      "price": 1499,
      "discountPercentage": 10.23,
      "rating": 4.43,
      "stock": 68,
      "brand": "Microsoft Surface",
      "category": "laptops",
      "thumbnail": "https://i.dummyjson.com/data/products/8/thumbnail.jpg",
      "images": [
        "https://i.dummyjson.com/data/products/8/1.jpg",
        "https://i.dummyjson.com/data/products/8/2.jpg",
        "https://i.dummyjson.com/data/products/8/3.jpg",
        "https://i.dummyjson.com/data/products/8/4.jpg",
        "https://i.dummyjson.com/data/products/8/thumbnail.jpg"
      ]
    },
    {
      "id": 34,
      "title": "Infinix INBOOK",
      "description": "Infinix Inbook X1 Ci3 10th 8GB 256GB 14 Win10 Grey – 1 Year Warranty",
      "price": 1099,
      "discountPercentage": 11.83,
      "rating": 4.54,
      "stock": 96,
      "brand": "Infinix",
      "category": "laptops",
      "thumbnail": "https://i.dummyjson.com/data/products/9/thumbnail.jpg",
      "images": [
        "https://i.dummyjson.com/data/products/9/1.jpg",
        "https://i.dummyjson.com/data/products/9/2.png",
        "https://i.dummyjson.com/data/products/9/3.png",
        "https://i.dummyjson.com/data/products/9/4.jpg",
        "https://i.dummyjson.com/data/products/9/thumbnail.jpg"
      ]
    },
    {
      "id": 35,
      "title": "HP Pavilion 15-DK1056WM",
      "description": "HP Pavilion 15-DK1056WM Gaming Laptop 10th Gen Core i5, 8GB, 256GB SSD, GTX 1650 4GB, Windows 10",
      "price": 1099,
      "discountPercentage": 6.18,
      "rating": 4.43,
      "stock": 89,
      "brand": "HP Pavilion",
      "category": "laptops",
      "thumbnail": "https://i.dummyjson.com/data/products/10/thumbnail.jpeg",
      "images": [
        "https://i.dummyjson.com/data/products/10/1.jpg",
        "https://i.dummyjson.com/data/products/10/2.jpg",
        "https://i.dummyjson.com/data/products/10/3.jpg",
        "https://i.dummyjson.com/data/products/10/thumbnail.jpeg"
      ]
    },
    {
      "id": 36,
      "title": "MacBook Pro",
      "description": "MacBook Pro 2021 with mini-LED display may launch between September, November",
      "price": 1749,
      "discountPercentage": 11.02,
      "rating": 4.57,
      "stock": 83,
      "brand": "Apple",
      "category": "laptops",
      "thumbnail": "https://i.dummyjson.com/data/products/6/thumbnail.png",
      "images": [
        "https://i.dummyjson.com/data/products/6/1.png",
        "https://i.dummyjson.com/data/products/6/2.jpg",
        "https://i.dummyjson.com/data/products/6/3.png",
        "https://i.dummyjson.com/data/products/6/4.jpg"
      ]
    },
    {
      "id": 37,
      "title": "Samsung Galaxy Book",
      "description": "Samsung Galaxy Book S (2020) Laptop With Intel Lakefield Chip, 8GB of RAM Launched",
      "price": 1499,
      "discountPercentage": 4.15,
      "rating": 4.25,
      "stock": 50,
      "brand": "Samsung",
      "category": "laptops",
      "thumbnail": "https://i.dummyjson.com/data/products/7/thumbnail.jpg",
      "images": [
        "https://i.dummyjson.com/data/products/7/1.jpg",
        "https://i.dummyjson.com/data/products/7/2.jpg",
        "https://i.dummyjson.com/data/products/7/3.jpg",
        "https://i.dummyjson.com/data/products/7/thumbnail.jpg"
      ]
    },
    {
      "id": 38,
      "title": "Microsoft Surface Laptop 4",
      "description": "Style and speed. Stand out on HD video calls backed by Studio Mics. Capture ideas on the vibrant touchscreen.",
      "price": 1499,
      "discountPercentage": 10.23,
      "rating": 4.43,
      "stock": 68,
      "brand": "Microsoft Surface",
      "category": "laptops",
      "thumbnail": "https://i.dummyjson.com/data/products/8/thumbnail.jpg",
      "images": [
        "https://i.dummyjson.com/data/products/8/1.jpg",
        "https://i.dummyjson.com/data/products/8/2.jpg",
        "https://i.dummyjson.com/data/products/8/3.jpg",
        "https://i.dummyjson.com/data/products/8/4.jpg",
        "https://i.dummyjson.com/data/products/8/thumbnail.jpg"
      ]
    },
    {
      "id": 39,
      "title": "Infinix INBOOK",
      "description": "Infinix Inbook X1 Ci3 10th 8GB 256GB 14 Win10 Grey – 1 Year Warranty",
      "price": 1099,
      "discountPercentage": 11.83,
      "rating": 5,
      "stock": 96,
      "brand": "Infinix",
      "category": "laptops",
      "thumbnail": "https://i.dummyjson.com/data/products/9/thumbnail.jpg",
      "images": [
        "https://i.dummyjson.com/data/products/9/1.jpg",
        "https://i.dummyjson.com/data/products/9/2.png",
        "https://i.dummyjson.com/data/products/9/3.png",
        "https://i.dummyjson.com/data/products/9/4.jpg",
        "https://i.dummyjson.com/data/products/9/thumbnail.jpg"
      ]
    },
    {
      "id": 40,
      "title": "HP Pavilion 15-DK1056WM",
      "description": "HP Pavilion 15-DK1056WM Gaming Laptop 10th Gen Core i5, 8GB, 256GB SSD, GTX 1650 4GB, Windows 10",
      "price": 1099,
      "discountPercentage": 6.18,
      "rating": 4.43,
      "stock": 89,
      "brand": "HP Pavilion",
      "category": "laptops",
      "thumbnail": "https://i.dummyjson.com/data/products/10/thumbnail.jpeg",
      "images": [
        "https://i.dummyjson.com/data/products/10/1.jpg",
        "https://i.dummyjson.com/data/products/10/2.jpg",
        "https://i.dummyjson.com/data/products/10/3.jpg",
        "https://i.dummyjson.com/data/products/10/thumbnail.jpeg"
      ]
    },
    {
      "id": 1,
      "title": "MacBook Pro",
      "description": "MacBook Pro 2021 with mini-LED display may launch between September, November",
      "price": 1749,
      "discountPercentage": 11.02,
      "rating": 5,
      "stock": 83,
      "brand": "Apple",
      "category": "laptops",
      "thumbnail": "https://cdn.pixabay.com/photo/2017/06/20/23/15/coffee-2425303_640.jpg",
      "images": [
        "https://i.dummyjson.com/data/products/6/1.png",
        "https://i.dummyjson.com/data/products/6/2.jpg",
        "https://i.dummyjson.com/data/products/6/3.png",
        "https://i.dummyjson.com/data/products/6/4.jpg"
      ]
    },
    {
      "id": 2,
      "title": "Samsung Galaxy Book",
      "description": "Samsung Galaxy Book S (2020) Laptop With Intel Lakefield Chip, 8GB of RAM Launched",
      "price": 1499,
      "discountPercentage": 4.15,
      "rating": 4.25,
      "stock": 50,
      "brand": "Samsung",
      "category": "laptops",
      "thumbnail": "https://i.dummyjson.com/data/products/7/3.jpg",
      "images": [
        "https://i.dummyjson.com/data/products/7/1.jpg",
        "https://i.dummyjson.com/data/products/7/2.jpg",
        "https://i.dummyjson.com/data/products/7/3.jpg",
        "https://i.dummyjson.com/data/products/7/thumbnail.jpg"
      ]
    },
    {
      "id": 3,
      "title": "Microsoft Surface Laptop 4",
      "description": "Style and speed. Stand out on HD video calls backed by Studio Mics. Capture ideas on the vibrant touchscreen.",
      "price": 1499,
      "discountPercentage": 10.23,
      "rating": 5,
      "stock": 68,
      "brand": "Microsoft Surface",
      "category": "laptops",
      "thumbnail": "https://i.dummyjson.com/data/products/8/thumbnail.jpg",
      "images": [
        "https://i.dummyjson.com/data/products/8/1.jpg",
        "https://i.dummyjson.com/data/products/8/2.jpg",
        "https://i.dummyjson.com/data/products/8/3.jpg",
        "https://i.dummyjson.com/data/products/8/4.jpg",
        "https://i.dummyjson.com/data/products/8/thumbnail.jpg"
      ]
    },
    {
      "id": 4,
      "title": "Infinix INBOOK",
      "description": "Infinix Inbook X1 Ci3 10th 8GB 256GB 14 Win10 Grey – 1 Year Warranty",
      "price": 1099,
      "discountPercentage": 11.83,
      "rating": 4.54,
      "stock": 96,
      "brand": "Infinix",
      "category": "laptops",
      "thumbnail": "https://i.dummyjson.com/data/products/9/thumbnail.jpg",
      "images": [
        "https://i.dummyjson.com/data/products/9/1.jpg",
        "https://i.dummyjson.com/data/products/9/2.png",
        "https://i.dummyjson.com/data/products/9/3.png",
        "https://i.dummyjson.com/data/products/9/4.jpg",
        "https://i.dummyjson.com/data/products/9/thumbnail.jpg"
      ]
    },
    {
      "id": 5,
      "title": "HP Pavilion 15-DK1056WM",
      "description": "HP Pavilion 15-DK1056WM Gaming Laptop 10th Gen Core i5, 8GB, 256GB SSD, GTX 1650 4GB, Windows 10",
      "price": 1099,
      "discountPercentage": 6.18,
      "rating": 4.43,
      "stock": 89,
      "brand": "HP Pavilion",
      "category": "laptops",
      "thumbnail": "https://i.dummyjson.com/data/products/10/thumbnail.jpeg",
      "images": [
        "https://i.dummyjson.com/data/products/10/1.jpg",
        "https://i.dummyjson.com/data/products/10/2.jpg",
        "https://i.dummyjson.com/data/products/10/3.jpg",
        "https://i.dummyjson.com/data/products/10/thumbnail.jpeg"
      ]
    },
    {
      "id": 6,
      "title": "MacBook Pro",
      "description": "MacBook Pro 2021 with mini-LED display may launch between September, November",
      "price": 1749,
      "discountPercentage": 11.02,
      "rating": 4.57,
      "stock": 83,
      "brand": "Apple",
      "category": "laptops",
      "thumbnail": "https://i.dummyjson.com/data/products/6/thumbnail.png",
      "images": [
        "https://i.dummyjson.com/data/products/6/1.png",
        "https://i.dummyjson.com/data/products/6/2.jpg",
        "https://i.dummyjson.com/data/products/6/3.png",
        "https://i.dummyjson.com/data/products/6/4.jpg"
      ]
    },
    {
      "id": 7,
      "title": "Samsung Galaxy Book",
      "description": "Samsung Galaxy Book S (2020) Laptop With Intel Lakefield Chip, 8GB of RAM Launched",
      "price": 1499,
      "discountPercentage": 4.15,
      "rating": 5,
      "stock": 50,
      "brand": "Samsung",
      "category": "laptops",
      "thumbnail": "https://i.dummyjson.com/data/products/7/thumbnail.jpg",
      "images": [
        "https://i.dummyjson.com/data/products/7/1.jpg",
        "https://i.dummyjson.com/data/products/7/2.jpg",
        "https://i.dummyjson.com/data/products/7/3.jpg",
        "https://i.dummyjson.com/data/products/7/thumbnail.jpg"
      ]
    },
    {
      "id": 8,
      "title": "Microsoft Surface Laptop 4",
      "description": "Style and speed. Stand out on HD video calls backed by Studio Mics. Capture ideas on the vibrant touchscreen.",
      "price": 1499,
      "discountPercentage": 10.23,
      "rating": 4.43,
      "stock": 68,
      "brand": "Microsoft Surface",
      "category": "laptops",
      "thumbnail": "https://i.dummyjson.com/data/products/8/thumbnail.jpg",
      "images": [
        "https://i.dummyjson.com/data/products/8/1.jpg",
        "https://i.dummyjson.com/data/products/8/2.jpg",
        "https://i.dummyjson.com/data/products/8/3.jpg",
        "https://i.dummyjson.com/data/products/8/4.jpg",
        "https://i.dummyjson.com/data/products/8/thumbnail.jpg"
      ]
    },
    {
      "id": 9,
      "title": "Infinix INBOOK",
      "description": "Infinix Inbook X1 Ci3 10th 8GB 256GB 14 Win10 Grey – 1 Year Warranty",
      "price": 1099,
      "discountPercentage": 11.83,
      "rating": 4.54,
      "stock": 96,
      "brand": "Infinix",
      "category": "laptops",
      "thumbnail": "https://i.dummyjson.com/data/products/9/thumbnail.jpg",
      "images": [
        "https://i.dummyjson.com/data/products/9/1.jpg",
        "https://i.dummyjson.com/data/products/9/2.png",
        "https://i.dummyjson.com/data/products/9/3.png",
        "https://i.dummyjson.com/data/products/9/4.jpg",
        "https://i.dummyjson.com/data/products/9/thumbnail.jpg"
      ]
    },
    {
      "id": 10,
      "title": "HP Pavilion 15-DK1056WM",
      "description": "HP Pavilion 15-DK1056WM Gaming Laptop 10th Gen Core i5, 8GB, 256GB SSD, GTX 1650 4GB, Windows 10",
      "price": 1099,
      "discountPercentage": 6.18,
      "rating": 4.43,
      "stock": 89,
      "brand": "HP Pavilion",
      "category": "laptops",
      "thumbnail": "https://i.dummyjson.com/data/products/10/thumbnail.jpeg",
      "images": [
        "https://i.dummyjson.com/data/products/10/1.jpg",
        "https://i.dummyjson.com/data/products/10/2.jpg",
        "https://i.dummyjson.com/data/products/10/3.jpg",
        "https://i.dummyjson.com/data/products/10/thumbnail.jpeg"
      ]
    },
    {
      "id": 11,
      "title": "MacBook Pro",
      "description": "MacBook Pro 2021 with mini-LED display may launch between September, November",
      "price": 1749,
      "discountPercentage": 11.02,
      "rating": 4.57,
      "stock": 83,
      "brand": "Apple",
      "category": "laptops",
      "thumbnail": "https://i.dummyjson.com/data/products/6/thumbnail.png",
      "images": [
        "https://i.dummyjson.com/data/products/6/1.png",
        "https://i.dummyjson.com/data/products/6/2.jpg",
        "https://i.dummyjson.com/data/products/6/3.png",
        "https://i.dummyjson.com/data/products/6/4.jpg"
      ]
    },
    {
      "id": 12,
      "title": "Samsung Galaxy Book",
      "description": "Samsung Galaxy Book S (2020) Laptop With Intel Lakefield Chip, 8GB of RAM Launched",
      "price": 1499,
      "discountPercentage": 4.15,
      "rating": 4,
      "stock": 50,
      "brand": "Samsung",
      "category": "laptops",
      "thumbnail": "https://i.dummyjson.com/data/products/7/thumbnail.jpg",
      "images": [
        "https://i.dummyjson.com/data/products/7/1.jpg",
        "https://i.dummyjson.com/data/products/7/2.jpg",
        "https://i.dummyjson.com/data/products/7/3.jpg",
        "https://i.dummyjson.com/data/products/7/thumbnail.jpg"
      ]
    },
    {
      "id": 13,
      "title": "Microsoft Surface Laptop 4",
      "description": "Style and speed. Stand out on HD video calls backed by Studio Mics. Capture ideas on the vibrant touchscreen.",
      "price": 1499,
      "discountPercentage": 10.23,
      "rating": 4.43,
      "stock": 68,
      "brand": "Microsoft Surface",
      "category": "laptops",
      "thumbnail": "https://i.dummyjson.com/data/products/8/2.jpg",
      "images": [
        "https://i.dummyjson.com/data/products/8/1.jpg",
        "https://i.dummyjson.com/data/products/8/2.jpg",
        "https://i.dummyjson.com/data/products/8/3.jpg",
        "https://i.dummyjson.com/data/products/8/4.jpg",
        "https://i.dummyjson.com/data/products/8/thumbnail.jpg"
      ]
    },
    {
      "id": 14,
      "title": "Infinix INBOOK",
      "description": "Infinix Inbook X1 Ci3 10th 8GB 256GB 14 Win10 Grey – 1 Year Warranty",
      "price": 1099,
      "discountPercentage": 11.83,
      "rating": 4.54,
      "stock": 96,
      "brand": "Infinix",
      "category": "laptops",
      "thumbnail": "https://i.dummyjson.com/data/products/9/thumbnail.jpg",
      "images": [
        "https://i.dummyjson.com/data/products/9/1.jpg",
        "https://i.dummyjson.com/data/products/9/2.png",
        "https://i.dummyjson.com/data/products/9/3.png",
        "https://i.dummyjson.com/data/products/9/4.jpg",
        "https://i.dummyjson.com/data/products/9/thumbnail.jpg"
      ]
    },
    {
      "id": 15,
      "title": "HP Pavilion 15-DK1056WM",
      "description": "HP Pavilion 15-DK1056WM Gaming Laptop 10th Gen Core i5, 8GB, 256GB SSD, GTX 1650 4GB, Windows 10",
      "price": 1099,
      "discountPercentage": 6.18,
      "rating": 4.43,
      "stock": 89,
      "brand": "HP Pavilion",
      "category": "laptops",
      "thumbnail": "https://i.dummyjson.com/data/products/10/thumbnail.jpeg",
      "images": [
        "https://i.dummyjson.com/data/products/10/1.jpg",
        "https://i.dummyjson.com/data/products/10/2.jpg",
        "https://i.dummyjson.com/data/products/10/3.jpg",
        "https://i.dummyjson.com/data/products/10/thumbnail.jpeg"
      ]
    },
    {
      "id": 16,
      "title": "MacBook Pro",
      "description": "MacBook Pro 2021 with mini-LED display may launch between September, November",
      "price": 1749,
      "discountPercentage": 11.02,
      "rating": 4.57,
      "stock": 83,
      "brand": "Apple",
      "category": "laptops",
      "thumbnail": "https://cdn.pixabay.com/photo/2020/04/08/16/32/keyboard-5017973_640.jpg",
      "images": [
        "https://i.dummyjson.com/data/products/6/1.png",
        "https://i.dummyjson.com/data/products/6/2.jpg",
        "https://i.dummyjson.com/data/products/6/3.png",
        "https://i.dummyjson.com/data/products/6/4.jpg"
      ]
    },
    {
      "id": 17,
      "title": "Samsung Galaxy Book",
      "description": "Samsung Galaxy Book S (2020) Laptop With Intel Lakefield Chip, 8GB of RAM Launched",
      "price": 1499,
      "discountPercentage": 4.15,
      "rating": 4.25,
      "stock": 50,
      "brand": "Samsung",
      "category": "laptops",
      "thumbnail": "https://i.dummyjson.com/data/products/7/thumbnail.jpg",
      "images": [
        "https://i.dummyjson.com/data/products/7/1.jpg",
        "https://i.dummyjson.com/data/products/7/2.jpg",
        "https://i.dummyjson.com/data/products/7/3.jpg",
        "https://i.dummyjson.com/data/products/7/thumbnail.jpg"
      ]
    },
    {
      "id": 18,
      "title": "Microsoft Surface Laptop 4",
      "description": "Style and speed. Stand out on HD video calls backed by Studio Mics. Capture ideas on the vibrant touchscreen.",
      "price": 1499,
      "discountPercentage": 10.23,
      "rating": 4.43,
      "stock": 68,
      "brand": "Microsoft Surface",
      "category": "laptops",
      "thumbnail": "https://i.dummyjson.com/data/products/8/thumbnail.jpg",
      "images": [
        "https://i.dummyjson.com/data/products/8/1.jpg",
        "https://i.dummyjson.com/data/products/8/2.jpg",
        "https://i.dummyjson.com/data/products/8/3.jpg",
        "https://i.dummyjson.com/data/products/8/4.jpg",
        "https://i.dummyjson.com/data/products/8/thumbnail.jpg"
      ]
    },
    {
      "id": 19,
      "title": "Infinix INBOOK",
      "description": "Infinix Inbook X1 Ci3 10th 8GB 256GB 14 Win10 Grey – 1 Year Warranty",
      "price": 1099,
      "discountPercentage": 11.83,
      "rating": 4.54,
      "stock": 96,
      "brand": "Infinix",
      "category": "laptops",
      "thumbnail": "https://i.dummyjson.com/data/products/9/thumbnail.jpg",
      "images": [
        "https://i.dummyjson.com/data/products/9/1.jpg",
        "https://i.dummyjson.com/data/products/9/2.png",
        "https://i.dummyjson.com/data/products/9/3.png",
        "https://i.dummyjson.com/data/products/9/4.jpg",
        "https://i.dummyjson.com/data/products/9/thumbnail.jpg"
      ]
    },
    {
      "id": 20,
      "title": "HP Pavilion 15-DK1056WM",
      "description": "HP Pavilion 15-DK1056WM Gaming Laptop 10th Gen Core i5, 8GB, 256GB SSD, GTX 1650 4GB, Windows 10",
      "price": 1099,
      "discountPercentage": 6.18,
      "rating": 4.43,
      "stock": 89,
      "brand": "HP Pavilion",
      "category": "laptops",
      "thumbnail": "https://i.dummyjson.com/data/products/10/thumbnail.jpeg",
      "images": [
        "https://i.dummyjson.com/data/products/10/1.jpg",
        "https://i.dummyjson.com/data/products/10/2.jpg",
        "https://i.dummyjson.com/data/products/10/3.jpg",
        "https://i.dummyjson.com/data/products/10/thumbnail.jpeg"
      ]
    },
    {
      "id": 21,
      "title": "MacBook Pro",
      "description": "MacBook Pro 2021 with mini-LED display may launch between September, November",
      "price": 1749,
      "discountPercentage": 11.02,
      "rating": 4.57,
      "stock": 83,
      "brand": "Apple",
      "category": "laptops",
      "thumbnail": "https://i.dummyjson.com/data/products/6/thumbnail.png",
      "images": [
        "https://i.dummyjson.com/data/products/6/1.png",
        "https://i.dummyjson.com/data/products/6/2.jpg",
        "https://i.dummyjson.com/data/products/6/3.png",
        "https://i.dummyjson.com/data/products/6/4.jpg"
      ]
    },
    {
      "id": 22,
      "title": "Samsung Galaxy Book",
      "description": "Samsung Galaxy Book S (2020) Laptop With Intel Lakefield Chip, 8GB of RAM Launched",
      "price": 1499,
      "discountPercentage": 4.15,
      "rating": 4.25,
      "stock": 50,
      "brand": "Samsung",
      "category": "laptops",
      "thumbnail": "https://i.dummyjson.com/data/products/7/thumbnail.jpg",
      "images": [
        "https://i.dummyjson.com/data/products/7/1.jpg",
        "https://i.dummyjson.com/data/products/7/2.jpg",
        "https://i.dummyjson.com/data/products/7/3.jpg",
        "https://i.dummyjson.com/data/products/7/thumbnail.jpg"
      ]
    },
    {
      "id": 23,
      "title": "Microsoft Surface Laptop 4",
      "description": "Style and speed. Stand out on HD video calls backed by Studio Mics. Capture ideas on the vibrant touchscreen.",
      "price": 1499,
      "discountPercentage": 10.23,
      "rating": 4.43,
      "stock": 68,
      "brand": "Microsoft Surface",
      "category": "laptops",
      "thumbnail": "https://i.dummyjson.com/data/products/8/thumbnail.jpg",
      "images": [
        "https://i.dummyjson.com/data/products/8/1.jpg",
        "https://i.dummyjson.com/data/products/8/2.jpg",
        "https://i.dummyjson.com/data/products/8/3.jpg",
        "https://i.dummyjson.com/data/products/8/4.jpg",
        "https://i.dummyjson.com/data/products/8/thumbnail.jpg"
      ]
    },
    {
      "id": 24,
      "title": "Infinix INBOOK",
      "description": "Infinix Inbook X1 Ci3 10th 8GB 256GB 14 Win10 Grey – 1 Year Warranty",
      "price": 1099,
      "discountPercentage": 11.83,
      "rating": 4.54,
      "stock": 96,
      "brand": "Infinix",
      "category": "laptops",
      "thumbnail": "https://i.dummyjson.com/data/products/9/thumbnail.jpg",
      "images": [
        "https://i.dummyjson.com/data/products/9/1.jpg",
        "https://i.dummyjson.com/data/products/9/2.png",
        "https://i.dummyjson.com/data/products/9/3.png",
        "https://i.dummyjson.com/data/products/9/4.jpg",
        "https://i.dummyjson.com/data/products/9/thumbnail.jpg"
      ]
    },
    {
      "id": 25,
      "title": "HP Pavilion 15-DK1056WM",
      "description": "HP Pavilion 15-DK1056WM Gaming Laptop 10th Gen Core i5, 8GB, 256GB SSD, GTX 1650 4GB, Windows 10",
      "price": 1099,
      "discountPercentage": 6.18,
      "rating": 4.43,
      "stock": 89,
      "brand": "HP Pavilion",
      "category": "laptops",
      "thumbnail": "https://i.dummyjson.com/data/products/10/thumbnail.jpeg",
      "images": [
        "https://i.dummyjson.com/data/products/10/1.jpg",
        "https://i.dummyjson.com/data/products/10/2.jpg",
        "https://i.dummyjson.com/data/products/10/3.jpg",
        "https://i.dummyjson.com/data/products/10/thumbnail.jpeg"
      ]
    },
    {
      "id": 26,
      "title": "MacBook Pro",
      "description": "MacBook Pro 2021 with mini-LED display may launch between September, November",
      "price": 1749,
      "discountPercentage": 11.02,
      "rating": 4.57,
      "stock": 83,
      "brand": "Apple",
      "category": "laptops",
      "thumbnail": "https://i.dummyjson.com/data/products/6/thumbnail.png",
      "images": [
        "https://i.dummyjson.com/data/products/6/1.png",
        "https://i.dummyjson.com/data/products/6/2.jpg",
        "https://i.dummyjson.com/data/products/6/3.png",
        "https://i.dummyjson.com/data/products/6/4.jpg"
      ]
    },
    {
      "id": 27,
      "title": "Samsung Galaxy Book",
      "description": "Samsung Galaxy Book S (2020) Laptop With Intel Lakefield Chip, 8GB of RAM Launched",
      "price": 1499,
      "discountPercentage": 4.15,
      "rating": 4.25,
      "stock": 50,
      "brand": "Samsung",
      "category": "laptops",
      "thumbnail": "https://i.dummyjson.com/data/products/7/thumbnail.jpg",
      "images": [
        "https://i.dummyjson.com/data/products/7/1.jpg",
        "https://i.dummyjson.com/data/products/7/2.jpg",
        "https://i.dummyjson.com/data/products/7/3.jpg",
        "https://i.dummyjson.com/data/products/7/thumbnail.jpg"
      ]
    },
    {
      "id": 28,
      "title": "Microsoft Surface Laptop 4",
      "description": "Style and speed. Stand out on HD video calls backed by Studio Mics. Capture ideas on the vibrant touchscreen.",
      "price": 1499,
      "discountPercentage": 10.23,
      "rating": 4.43,
      "stock": 68,
      "brand": "Microsoft Surface",
      "category": "laptops",
      "thumbnail": "https://i.dummyjson.com/data/products/8/thumbnail.jpg",
      "images": [
        "https://i.dummyjson.com/data/products/8/1.jpg",
        "https://i.dummyjson.com/data/products/8/2.jpg",
        "https://i.dummyjson.com/data/products/8/3.jpg",
        "https://i.dummyjson.com/data/products/8/4.jpg",
        "https://i.dummyjson.com/data/products/8/thumbnail.jpg"
      ]
    },
    {
      "id": 29,
      "title": "Infinix INBOOK",
      "description": "Infinix Inbook X1 Ci3 10th 8GB 256GB 14 Win10 Grey – 1 Year Warranty",
      "price": 1099,
      "discountPercentage": 11.83,
      "rating": 4.54,
      "stock": 96,
      "brand": "Infinix",
      "category": "laptops",
      "thumbnail": "https://i.dummyjson.com/data/products/9/thumbnail.jpg",
      "images": [
        "https://i.dummyjson.com/data/products/9/1.jpg",
        "https://i.dummyjson.com/data/products/9/2.png",
        "https://i.dummyjson.com/data/products/9/3.png",
        "https://i.dummyjson.com/data/products/9/4.jpg",
        "https://i.dummyjson.com/data/products/9/thumbnail.jpg"
      ]
    },
    {
      "id": 30,
      "title": "HP Pavilion 15-DK1056WM",
      "description": "HP Pavilion 15-DK1056WM Gaming Laptop 10th Gen Core i5, 8GB, 256GB SSD, GTX 1650 4GB, Windows 10",
      "price": 1099,
      "discountPercentage": 6.18,
      "rating": 4.43,
      "stock": 89,
      "brand": "HP Pavilion",
      "category": "laptops",
      "thumbnail": "https://i.dummyjson.com/data/products/10/thumbnail.jpeg",
      "images": [
        "https://i.dummyjson.com/data/products/10/1.jpg",
        "https://i.dummyjson.com/data/products/10/2.jpg",
        "https://i.dummyjson.com/data/products/10/3.jpg",
        "https://i.dummyjson.com/data/products/10/thumbnail.jpeg"
      ]
    },
    {
      "id": 31,
      "title": "MacBook Pro",
      "description": "MacBook Pro 2021 with mini-LED display may launch between September, November",
      "price": 1749,
      "discountPercentage": 11.02,
      "rating": 4.57,
      "stock": 83,
      "brand": "Apple",
      "category": "laptops",
      "thumbnail": "https://cdn.pixabay.com/photo/2016/11/29/06/18/home-office-1867761_640.jpg",
      "images": [
        "https://i.dummyjson.com/data/products/6/1.png",
        "https://i.dummyjson.com/data/products/6/2.jpg",
        "https://i.dummyjson.com/data/products/6/3.png",
        "https://i.dummyjson.com/data/products/6/4.jpg"
      ]
    },
    {
      "id": 32,
      "title": "Samsung Galaxy Book",
      "description": "Samsung Galaxy Book S (2020) Laptop With Intel Lakefield Chip, 8GB of RAM Launched",
      "price": 1499,
      "discountPercentage": 4.15,
      "rating": 4.25,
      "stock": 50,
      "brand": "Samsung",
      "category": "laptops",
      "thumbnail": "https://i.dummyjson.com/data/products/7/thumbnail.jpg",
      "images": [
        "https://i.dummyjson.com/data/products/7/1.jpg",
        "https://i.dummyjson.com/data/products/7/2.jpg",
        "https://i.dummyjson.com/data/products/7/3.jpg",
        "https://i.dummyjson.com/data/products/7/thumbnail.jpg"
      ]
    },
    {
      "id": 33,
      "title": "Microsoft Surface Laptop 4",
      "description": "Style and speed. Stand out on HD video calls backed by Studio Mics. Capture ideas on the vibrant touchscreen.",
      "price": 1499,
      "discountPercentage": 10.23,
      "rating": 4.43,
      "stock": 68,
      "brand": "Microsoft Surface",
      "category": "laptops",
      "thumbnail": "https://i.dummyjson.com/data/products/8/thumbnail.jpg",
      "images": [
        "https://i.dummyjson.com/data/products/8/1.jpg",
        "https://i.dummyjson.com/data/products/8/2.jpg",
        "https://i.dummyjson.com/data/products/8/3.jpg",
        "https://i.dummyjson.com/data/products/8/4.jpg",
        "https://i.dummyjson.com/data/products/8/thumbnail.jpg"
      ]
    },
    {
      "id": 34,
      "title": "Infinix INBOOK",
      "description": "Infinix Inbook X1 Ci3 10th 8GB 256GB 14 Win10 Grey – 1 Year Warranty",
      "price": 1099,
      "discountPercentage": 11.83,
      "rating": 4.54,
      "stock": 96,
      "brand": "Infinix",
      "category": "laptops",
      "thumbnail": "https://i.dummyjson.com/data/products/9/thumbnail.jpg",
      "images": [
        "https://i.dummyjson.com/data/products/9/1.jpg",
        "https://i.dummyjson.com/data/products/9/2.png",
        "https://i.dummyjson.com/data/products/9/3.png",
        "https://i.dummyjson.com/data/products/9/4.jpg",
        "https://i.dummyjson.com/data/products/9/thumbnail.jpg"
      ]
    },
    {
      "id": 35,
      "title": "HP Pavilion 15-DK1056WM",
      "description": "HP Pavilion 15-DK1056WM Gaming Laptop 10th Gen Core i5, 8GB, 256GB SSD, GTX 1650 4GB, Windows 10",
      "price": 1099,
      "discountPercentage": 6.18,
      "rating": 4.43,
      "stock": 89,
      "brand": "HP Pavilion",
      "category": "laptops",
      "thumbnail": "https://i.dummyjson.com/data/products/10/thumbnail.jpeg",
      "images": [
        "https://i.dummyjson.com/data/products/10/1.jpg",
        "https://i.dummyjson.com/data/products/10/2.jpg",
        "https://i.dummyjson.com/data/products/10/3.jpg",
        "https://i.dummyjson.com/data/products/10/thumbnail.jpeg"
      ]
    },
    {
      "id": 36,
      "title": "MacBook Pro",
      "description": "MacBook Pro 2021 with mini-LED display may launch between September, November",
      "price": 1749,
      "discountPercentage": 11.02,
      "rating": 4.57,
      "stock": 83,
      "brand": "Apple",
      "category": "laptops",
      "thumbnail": "https://i.dummyjson.com/data/products/6/thumbnail.png",
      "images": [
        "https://i.dummyjson.com/data/products/6/1.png",
        "https://i.dummyjson.com/data/products/6/2.jpg",
        "https://i.dummyjson.com/data/products/6/3.png",
        "https://i.dummyjson.com/data/products/6/4.jpg"
      ]
    },
    {
      "id": 37,
      "title": "Samsung Galaxy Book",
      "description": "Samsung Galaxy Book S (2020) Laptop With Intel Lakefield Chip, 8GB of RAM Launched",
      "price": 1499,
      "discountPercentage": 4.15,
      "rating": 4.25,
      "stock": 50,
      "brand": "Samsung",
      "category": "laptops",
      "thumbnail": "https://i.dummyjson.com/data/products/7/thumbnail.jpg",
      "images": [
        "https://i.dummyjson.com/data/products/7/1.jpg",
        "https://i.dummyjson.com/data/products/7/2.jpg",
        "https://i.dummyjson.com/data/products/7/3.jpg",
        "https://i.dummyjson.com/data/products/7/thumbnail.jpg"
      ]
    },
    {
      "id": 38,
      "title": "Microsoft Surface Laptop 4",
      "description": "Style and speed. Stand out on HD video calls backed by Studio Mics. Capture ideas on the vibrant touchscreen.",
      "price": 1499,
      "discountPercentage": 10.23,
      "rating": 4.43,
      "stock": 68,
      "brand": "Microsoft Surface",
      "category": "laptops",
      "thumbnail": "https://i.dummyjson.com/data/products/8/thumbnail.jpg",
      "images": [
        "https://i.dummyjson.com/data/products/8/1.jpg",
        "https://i.dummyjson.com/data/products/8/2.jpg",
        "https://i.dummyjson.com/data/products/8/3.jpg",
        "https://i.dummyjson.com/data/products/8/4.jpg",
        "https://i.dummyjson.com/data/products/8/thumbnail.jpg"
      ]
    },
    {
      "id": 39,
      "title": "Infinix INBOOK",
      "description": "Infinix Inbook X1 Ci3 10th 8GB 256GB 14 Win10 Grey – 1 Year Warranty",
      "price": 1099,
      "discountPercentage": 11.83,
      "rating": 5,
      "stock": 96,
      "brand": "Infinix",
      "category": "laptops",
      "thumbnail": "https://i.dummyjson.com/data/products/9/thumbnail.jpg",
      "images": [
        "https://i.dummyjson.com/data/products/9/1.jpg",
        "https://i.dummyjson.com/data/products/9/2.png",
        "https://i.dummyjson.com/data/products/9/3.png",
        "https://i.dummyjson.com/data/products/9/4.jpg",
        "https://i.dummyjson.com/data/products/9/thumbnail.jpg"
      ]
    },
    {
      "id": 40,
      "title": "HP Pavilion 15-DK1056WM",
      "description": "HP Pavilion 15-DK1056WM Gaming Laptop 10th Gen Core i5, 8GB, 256GB SSD, GTX 1650 4GB, Windows 10",
      "price": 1099,
      "discountPercentage": 6.18,
      "rating": 4.43,
      "stock": 89,
      "brand": "HP Pavilion",
      "category": "laptops",
      "thumbnail": "https://i.dummyjson.com/data/products/10/thumbnail.jpeg",
      "images": [
        "https://i.dummyjson.com/data/products/10/1.jpg",
        "https://i.dummyjson.com/data/products/10/2.jpg",
        "https://i.dummyjson.com/data/products/10/3.jpg",
        "https://i.dummyjson.com/data/products/10/thumbnail.jpeg"
      ]
    }
  ]
}
